Tissue,Gene,SNP,F-stat,P-value,adj_p
GSE36674,Ube2q1,rs4164131,906.3975589323207,4.756271547627081e-25,9.314539510726446e-20
GSE36674,Ube2q1,rs4164761,906.3975589323207,4.756271547627081e-25,9.314539510726446e-20
GSE36674,Rap1gap2,rs13481642,635.3299389263053,3.916308347116846e-23,2.0310999295070832e-18
GSE36674,Rap1gap2,rs13481643,635.3299389263053,3.916308347116846e-23,2.0310999295070832e-18
GSE36674,Rap1gap2,rs13481641,635.3299389263053,3.916308347116846e-23,2.0310999295070832e-18
GSE36674,Rap1gap2,rs13481636,635.3299389263053,3.916308347116846e-23,2.0310999295070832e-18
GSE36674,Rap1gap2,rs3663172,635.3299389263053,3.916308347116846e-23,2.0310999295070832e-18
GSE36674,Olfr509,D4Mit286,677.9750661986227,4.148551968232935e-23,2.0310999295070832e-18
GSE36674,Mir568,rs13480932,465.4082154043989,4.997096071346449e-21,1.779302369680499e-16
GSE36674,Lat,rs13477735,419.31143693689,4.578674577369183e-21,1.779302369680499e-16
GSE36674,Drd3,rs13480932,457.9601249380679,6.4095901320282545e-21,2.0920581711433622e-16
GSE36674,Wdr16,rs13483545,391.267241866497,1.3999773527394204e-20,4.2179594588989216e-16
GSE36674,Ube2q1,rs4151923,392.7340866673459,6.769749116809829e-20,1.3441500260938053e-15
GSE36674,Ube2q1,D16Mit88,392.7340866673459,6.769749116809829e-20,1.3441500260938053e-15
GSE36674,Ube2q1,rs4163042,392.7340866673459,6.769749116809829e-20,1.3441500260938053e-15
GSE36674,Wdr16,rs13483541,372.24961065313545,6.863616303833317e-20,1.3441500260938053e-15
GSE36674,Wdr16,rs3686467,372.24961065313545,6.863616303833317e-20,1.3441500260938053e-15
GSE36674,Sh3bp2,rs13483545,336.6744814055915,1.5502834217370562e-19,2.76002594966109e-15
GSE36674,Olfr504,D4Mit286,393.15764821378536,1.5400334079919817e-19,2.76002594966109e-15
GSE36674,Sh3bp2,rs3686467,325.6056643153414,5.488004222853867e-19,8.95628569159194e-15
GSE36674,Sh3bp2,rs13483541,325.6056643153414,5.488004222853867e-19,8.95628569159194e-15
GSE36674,Olfr119,D11Mit20,314.2961775115893,1.9665729880786775e-18,2.9625211866643386e-14
GSE36674,Olfr119,rs6169571,314.2961775115893,1.9665729880786775e-18,2.9625211866643386e-14
GSE36674,Olfr119,UT_11_44.038626,329.12822944196483,2.1120478867280813e-18,3.0638305332827205e-14
GSE36674,Sec24a,rs13483545,277.14738233305104,3.3193593540414844e-18,4.643238412981586e-14
GSE36674,Drd3,rs13480929,291.3736260132319,6.088705271728296e-18,8.223405339996236e-14
GSE36674,Mir568,rs13480929,285.62094180241144,8.18778941466989e-18,1.0689814104004714e-13
GSE36674,Olfr119,rs6307831,294.6648699587255,1.0561935360566967e-17,1.334463054972486e-13
GSE36674,Olfr119,rs3706713,308.8010419991703,1.1332919693225969e-17,1.3871281212264338e-13
GSE36674,Sec24a,rs3686467,264.4020543181474,1.322051988912937e-17,1.5229805608984872e-13
GSE36674,Sec24a,rs13483541,264.4020543181474,1.322051988912937e-17,1.5229805608984872e-13
GSE36674,Olfr328,rs13483545,249.21730020062472,1.7219216129251833e-17,1.9269483594881663e-13
GSE36674,Amh,rs13483545,245.19250381953944,2.2121789265053082e-17,2.406813802389e-13
GSE36674,Olfr509,rs13477670,253.67669405344043,4.708197134280452e-17,4.728406165056825e-13
GSE36674,Olfr509,rs3725792,253.67669405344043,4.708197134280452e-17,4.728406165056825e-13
GSE36674,Olfr509,gnf04.041.337,253.67669405344043,4.708197134280452e-17,4.728406165056825e-13
GSE36674,Hsp90aa1,rs3667755,238.46172305648116,6.240147747858463e-17,5.262434823577594e-13
GSE36674,Olfr328,rs3686467,239.4253019951028,5.8752744619669e-17,5.262434823577594e-13
GSE36674,Olfr328,rs13483541,239.4253019951028,5.8752744619669e-17,5.262434823577594e-13
GSE36674,Hsp90aa1,rs4230879,238.46172305648116,6.240147747858463e-17,5.262434823577594e-13
GSE36674,Hsp90aa1,rs6276391,238.46172305648116,6.240147747858463e-17,5.262434823577594e-13
GSE36674,Gemin4,rs8242766,237.93626685952867,6.449161076091967e-17,5.262434823577594e-13
GSE36674,Gemin4,D1Mit113,237.93626685952867,6.449161076091967e-17,5.262434823577594e-13
GSE36674,Hsp90aa1,rs4230869,238.46172305648116,6.240147747858463e-17,5.262434823577594e-13
GSE36674,Gemin4,NES13033186,237.93626685952867,6.449161076091967e-17,5.262434823577594e-13
GSE36674,Amh,rs3686467,233.19689575665845,8.706171121203617e-17,6.819961735452612e-13
GSE36674,Amh,rs13483541,233.19689575665845,8.706171121203617e-17,6.819961735452612e-13
GSE17522,Car2,rs3722989,177.20420640354763,1.7937503158935597e-15,1.3010469652357299e-11
GSE17522,Car2,D1Mit328,177.20420640354763,1.7937503158935597e-15,1.3010469652357299e-11
GSE17522,Car2,rs13475907,177.20420640354763,1.7937503158935597e-15,1.3010469652357299e-11
GSE17522,Car2,rs6312657,176.4057229929886,1.919771868361942e-15,1.3671358668523549e-11
GSE36674,Ceacam1,D4Mit286,196.45802576123933,3.2974647469928745e-15,2.3063057273458698e-11
GSE36674,Olfr504,rs13477670,188.10116964579967,3.483927987605499e-15,2.3128203569786374e-11
GSE36674,Olfr504,rs3725792,188.10116964579967,3.483927987605499e-15,2.3128203569786374e-11
GSE36674,Olfr504,gnf04.041.337,188.10116964579967,3.483927987605499e-15,2.3128203569786374e-11
GSE36674,Mir568,rs13480935,184.9276931257156,4.427772857777213e-15,2.890405843828387e-11
GSE36674,Lat,rs3712541,171.69665850279236,4.651392222963232e-15,2.986605569732624e-11
GSE36674,Drd3,rs13480935,174.1231142772776,1.029119082084412e-14,6.501277215424677e-11
GSE36674,Adat2,rs13483545,161.14365167156564,1.1697983699076911e-14,7.272692170400396e-11
GSE36674,Adat2,rs3686467,157.95019684410974,2.475805869045351e-14,1.4918596737730288e-10
GSE36674,Adat2,rs13483541,157.95019684410974,2.475805869045351e-14,1.4918596737730288e-10
GSE36674,Lyzl1,rs3665818,150.28792130212693,4.969340867358729e-14,2.9050173356445716e-10
GSE36674,Lyzl1,rs6180964,150.28792130212693,4.969340867358729e-14,2.9050173356445716e-10
GSE36674,Gemin4,NES13029525,144.94650169744335,8.2191072570041e-14,4.4750429017938946e-10
GSE36674,Gemin4,rs13476241,144.94650169744335,8.2191072570041e-14,4.4750429017938946e-10
GSE36674,Wdr16,rs13483543,143.88036804761794,9.103912669118245e-14,4.884610809266054e-10
GSE36674,Drd3,rs13480951,140.62198044376223,1.9244385534761718e-13,1.0050033946589682e-09
GSE36674,Mir568,rs13480951,138.97884714369135,2.2537081383925574e-13,1.1614722123641664e-09
GSE36674,Gsk3a,D4Mit286,141.12066819572215,2.859671556413818e-13,1.4546220742686048e-09
GSE36674,Olfr504,rs3694836,123.59579014300051,4.940478689719348e-13,2.4494393041989065e-09
GSE36674,Sh3bp2,rs13483543,124.0877295647325,6.858305014476262e-13,3.357774697799969e-09
GSE36674,Ceacam1,rs3725792,125.99677568128962,8.303971850264075e-13,3.918614301783532e-09
GSE36674,Ceacam1,gnf04.041.337,125.99677568128962,8.303971850264075e-13,3.918614301783532e-09
GSE36674,Ceacam1,rs13477670,125.99677568128962,8.303971850264075e-13,3.918614301783532e-09
GSE17522,Car2,rs4137302,115.42170463613384,8.836575391564381e-13,4.071831564606574e-09
GSE36674,Olfr328,rs13483543,121.02570835820552,9.58781988212318e-13,4.3666276331519935e-09
GSE17522,Prkch,NES13029525,111.33924598455248,1.0400988823275776e-12,4.629314654963314e-09
GSE17522,Prkch,rs13476241,111.33924598455248,1.0400988823275776e-12,4.629314654963314e-09
GSE36674,Sec24a,rs13483543,117.15224057025016,1.4790948296288268e-12,6.43692209222268e-09
GSE36674,Drd3,rs3677232,117.94993076501498,1.969196460200831e-12,8.118768993186319e-09
GSE36674,Mir568,rs3023251,116.46715875501758,2.3205330555908808e-12,9.088924640155027e-09
GSE36674,Olfr509,rs13477678,112.7067053850418,2.4670599602902898e-12,9.567160820660782e-09
GSE36674,Hsp90aa1,D15Mit189,115.53138975523537,2.576040001263572e-12,9.891842073087337e-09
GSE36674,Lat,UT_4_58.126445,107.25878270091935,3.362639927338412e-12,1.2786976999032477e-08
GSE36674,Sh3bp2,rs4136257,108.41434875250576,4.1044988798893554e-12,1.545793744501715e-08
GSE36674,Wdr16,rs13483549,104.87401642696643,4.5320419241500336e-12,1.6905552272376575e-08
GSE36674,Kifc5c-ps,rs13483545,102.11637268201196,6.441545582980695e-12,2.3579307707181128e-08
GSE36674,Kifc5c-ps,rs3686467,101.20256245520198,1.0007706238498589e-11,3.59610856262174e-08
GSE36674,Kifc5c-ps,rs13483541,101.20256245520198,1.0007706238498589e-11,3.59610856262174e-08
GSE36674,Ceacam1,rs13477682,98.41844006925916,1.0440071041024062e-11,3.683877824254107e-08
GSE36674,Olfr328,rs4136257,98.53799809615911,1.4081792229047829e-11,4.796062512626156e-08
GSE36674,Sec24a,rs13483549,92.46282870027017,2.3396462828441263e-11,7.832295881937524e-08
GSE36674,Gsk3a,rs13477670,93.06000046865876,3.9532548900825946e-11,1.2691697998509919e-07
GSE36674,Gsk3a,rs3725792,93.06000046865876,3.9532548900825946e-11,1.2691697998509919e-07
GSE36674,Gsk3a,gnf04.041.337,93.06000046865876,3.9532548900825946e-11,1.2691697998509919e-07
GSE36674,Lat,rs3690581,87.5166650569975,4.710331359678535e-11,1.4999303455046588e-07
GSE36674,Amh,rs13483543,87.05529071320103,6.674553714008892e-11,2.0913993211045751e-07
GSE36674,Lyzl1,gnf12.013.284,83.80164722273327,1.0659927408691651e-10,3.211704929132226e-07
GSE36674,Lyzl1,rs3657682,83.80164722273327,1.0659927408691651e-10,3.211704929132226e-07
GSE36674,Comp,rs3675987,79.42054067678434,1.5791578921238302e-10,4.6157842405948435e-07
GSE36674,Gsk3a,rs3694836,77.31694129820526,2.19340924848886e-10,6.270812948851283e-07
GSE36674,Amh,rs13483549,76.8063099540135,2.3777562014627966e-10,6.748589003273474e-07
GSE36674,Adat2,rs13483549,73.37344952098526,4.13140555455011e-10,1.1395522106851126e-06
GSE17522,Prkch,rs3682996,68.65504070542545,5.92188053234741e-10,1.5671936727207023e-06
GSE17522,Prkch,rs13476250,68.65504070542545,5.92188053234741e-10,1.5671936727207023e-06
GSE17522,Prkch,D1Mit150,68.65504070542545,5.92188053234741e-10,1.5671936727207023e-06
GSE36674,Adat2,rs13483543,72.04189467104162,6.508042511386283e-10,1.71075908899645e-06
GSE36674,Lat,rs6239799,68.06452249692354,1.006533805366228e-09,2.527135395403923e-06
GSE36674,Kifc5c-ps,rs13483543,68.32962218376151,1.2022723181394295e-09,2.961627722861276e-06
GSE36674,Comp,rs4224919,59.30333245077837,4.873164949652958e-09,1.1161941570119138e-05
GSE36674,Kifc5c-ps,rs4136257,59.30208887934838,5.9119630054373395e-09,1.346257091971898e-05
GSE36674,Fbxo11,rs3665818,49.11938647813017,4.359448600470442e-08,8.711646281329898e-05
GSE36674,Fbxo11,rs6180964,49.11938647813017,4.359448600470442e-08,8.711646281329898e-05
GSE17522,Prr16,rs3685286,39.975056600722986,2.2996297955976885e-07,0.0004112809134981411
GSE17522,Prr16,rs3672300,39.975056600722986,2.2996297955976885e-07,0.0004112809134981411
GSE17522,Prr16,rs6243021,39.975056600722986,2.2996297955976885e-07,0.0004112809134981411
GSE17522,Prr16,rs3699123,39.975056600722986,2.2996297955976885e-07,0.0004112809134981411
GSE36674,Comp,rs13478048,39.32298686696826,3.401464369931013e-07,0.0005717876204413561
GSE36674,Comp,rs4140148,39.32298686696826,3.401464369931013e-07,0.0005717876204413561
GSE36674,Comp,rs13478050,39.32298686696826,3.401464369931013e-07,0.0005717876204413561
GSE17522,Prr16,UT_3_90.000791,36.234480091142345,5.908192103241209e-07,0.0009406850544084949
GSE36674,Timp3,D1Mit113,37.42938813500368,6.056202036683496e-07,0.0009483358864834705
GSE36674,Timp3,NES13033186,37.42938813500368,6.056202036683496e-07,0.0009483358864834705
GSE36674,Timp3,rs8242766,37.42938813500368,6.056202036683496e-07,0.0009483358864834705
GSE36674,Fbxo11,rs3657682,37.41511778549752,6.077306829336415e-07,0.0009483358864834705
GSE36674,Fbxo11,gnf12.013.284,37.41511778549752,6.077306829336415e-07,0.0009483358864834705
GSE36674,Ddx23,CEL-10_86185623,33.60405974814545,1.4300416367860882e-06,0.0021056771731073473
GSE36674,Ddx23,CEL-10_86482491,33.60405974814545,1.4300416367860882e-06,0.0021056771731073473
GSE36674,Fbxo16,rs13478587,30.65984409345208,3.1482695355582613e-06,0.004208516457577633
GSE36674,Fbxo16,rs3696754,30.65984409345208,3.1482695355582613e-06,0.004208516457577633
GSE36674,Fbxo16,rs13478586,30.65984409345208,3.1482695355582613e-06,0.004208516457577633
GSE36674,Lyzl1,rs4229294,30.25288783848879,3.844639851800872e-06,0.00500280886815367
GSE36674,Ddx23,rs6191721,28.89747698668412,5.585125055128448e-06,0.007219631256905544
GSE36674,Fbxo16,rs6284348,27.819054591037848,6.990910455197639e-06,0.008890122927367143
GSE17522,2410042D21Rik,gnf07.011.425,27.19159757086709,7.25679222590376e-06,0.009167530546870695
GSE36674,Gm23021,D2Mit255,26.896253130190807,1.0653626912275904e-05,0.012918726523958987
GSE36674,Gm23021,rs6374387,26.896253130190807,1.0653626912275904e-05,0.012918726523958987
GSE36674,Gm23021,rs3686617,26.896253130190807,1.0653626912275904e-05,0.012918726523958987
GSE36674,Timp3,NES13029525,25.613582991740397,1.4318679346860529e-05,0.016994710346976517
GSE36674,Timp3,rs13476241,25.613582991740397,1.4318679346860529e-05,0.016994710346976517
GSE36674,Ddx23,rs6221944,24.137934928171436,2.0856714862116e-05,0.02294672173287759
GSE36674,Ddx23,mCV25373751,24.137934928171436,2.0856714862116e-05,0.02294672173287759
GSE36674,Fbxo11,rs13481357,23.807954937982288,2.4611539460652976e-05,0.026555647676891992
GSE36674,Gm23021,UT_2_119.151187,23.761393592782635,2.66826376472938e-05,0.02871125114798393
GSE17522,2410042D21Rik,rs3672220,22.68861441003861,2.9244736179965733e-05,0.03038303129589363
GSE36674,Numb,rs13480796,22.81748742996905,3.1429953360523853e-05,0.032310487014513965
GSE36674,Numb,rs13480795,22.81748742996905,3.1429953360523853e-05,0.032310487014513965
GSE17522,Grap2,rs3678312,22.239384139077128,3.381725832898607e-05,0.0344930751009044
GSE17522,Grap2,rs3679406,22.239384139077128,3.381725832898607e-05,0.0344930751009044
GSE17522,Chrnd,rs13483499,22.03199238231108,3.617777642212125e-05,0.03661471421797912
GSE17522,Chrnd,gnf19.001.480,22.03199238231108,3.617777642212125e-05,0.03661471421797912
GSE17522,Chrnd,rs13483502,22.03199238231108,3.617777642212125e-05,0.03661471421797912
GSE17522,2410042D21Rik,rs6295100,21.965847596596777,3.696677540607839e-05,0.037220886350643564
GSE17522,Chrnd,mCV25314100,21.9733907236725,3.6875886493013927e-05,0.037220886350643564
GSE36674,Fbxo16,rs3708411,22.21158238295372,3.806735455479955e-05,0.038230751353580915
GSE36674,Gm23021,rs3708635,22.3984778843147,4.046224365500696e-05,0.039919417685972784
GSE17522,Grap2,rs13464858,21.55944880460041,4.223127933561289e-05,0.04107098362101186
GSE17522,Grap2,CEL-13_105894110,21.55944880460041,4.223127933561289e-05,0.04107098362101186
GSE17522,Grap2,rs3681990,21.55944880460041,4.223127933561289e-05,0.04107098362101186
