,Ube2q1_GSE36674,Rap1gap2_GSE36674,Olfr509_GSE36674,Mir568_GSE36674,Lat_GSE36674,Drd3_GSE36674,Wdr16_GSE36674,Sh3bp2_GSE36674,Olfr504_GSE36674,Olfr119_GSE36674,Sec24a_GSE36674,Olfr328_GSE36674,Amh_GSE36674,Hsp90aa1_GSE36674,Gemin4_GSE36674,Car2_GSE17522,Ceacam1_GSE36674,Adat2_GSE36674,Lyzl1_GSE36674,Gsk3a_GSE36674,Prkch_GSE17522,Kifc5c-ps_GSE36674,Comp_GSE36674,Fbxo11_GSE36674,Prr16_GSE17522,Timp3_GSE36674,Ddx23_GSE36674,Fbxo16_GSE36674,2410042D21Rik_GSE17522,Gm23021_GSE36674,Numb_GSE36674,Grap2_GSE17522,Chrnd_GSE17522
BXD1,11.913,9.731,8.116,12.528,11.899,11.99,12.776,11.178,8.835,7.732,11.358,10.856,10.574,10.035333333333334,11.587,1.915,7.503,10.537,9.187,8.902,0.837,9.132,9.744,10.175,1.852,9.53,7.606,9.243,3.013,9.765,9.899,1.827,1.043
BXD100,10.718,11.497,8.351,12.668,11.899,12.413,12.614,11.039,9.02,10.054,11.146,10.576,10.83,9.008333333333333,10.044,,7.496,10.597,9.154,9.613,,9.035,8.856,9.681,,10.562,7.577,9.787,,9.45,10.062,,
BXD101,11.984,11.238,8.233,8.586,11.835,8.502,12.481,11.044,8.743,9.832,11.35,10.634,10.95,9.171,10.225,,7.788,10.645,10.146,8.489,,9.026,9.509,8.931,,10.386,7.488,9.818,,10.3,9.991,,
BXD103,10.658,11.718,7.937,7.448,11.618,7.388,12.808,11.356,8.889,7.757,11.651,10.837,11.42,8.677,11.527,,7.989,11.309,10.548,8.91,,9.527,9.928,9.229,,8.704,7.684,8.847,,8.96,9.322,,
BXD11,10.745,11.339,10.016,12.482,10.882,12.103,13.722,12.327,11.25,10.08,12.516,11.803,12.15,10.162999999999998,9.802,,10.729,11.735,10.32,11.772,,10.008,9.055,9.311,,10.352,9.912,9.718,,9.737,9.758,,
BXD14,10.726,10.083,9.488,7.566,11.08,8.235,12.901,11.296,11.047,6.925,11.529,11.194,10.509,9.138,11.765,2.637,10.648,9.985,9.37,11.849,2.405,9.362,9.718,9.982,2.945,9.411,9.763,9.375,3.184,9.572,9.719,2.364,1.915
BXD24,10.636,11.514,7.91,8.092,12.095,8.464,12.425,11.008,8.913,9.871,10.975,10.668,10.255,9.14,10.049,2.24,7.986,10.122,10.135,9.253,3.929,9.103,8.885,9.207,3.305,9.892,10.239,9.867,3.956,9.614,9.197,2.283,4.11
BXD27,11.788,11.777,9.585,8.212,10.848,8.164,13.666,12.448,11.086,7.358,12.71,12.009,12.228,8.851999999999999,9.992,,10.599,11.823,10.456,11.468,,10.102,9.974,9.2,,9.791,9.769,9.155,,9.671,9.389,,
BXD29,10.705,9.73,9.577,8.109,10.789,8.142,12.899,11.385,11.162,7.294,11.639,11.018,10.897,10.108333333333334,11.578,4.207,10.831,10.61,9.595,11.733,1.649,9.302,8.996,10.311,2.771,9.216,7.572,8.965,3.142,9.895,9.637,3.314,1.855
BXD31,11.754,11.722,9.424,8.706,10.686,8.709,12.793,11.447,9.829,8.32,11.707,11.076,11.043,8.895,11.375,2.25,8.347,11.0,9.972,8.975,1.208,9.632,9.135,10.622,2.17,9.1,7.559,9.62,3.813,9.438,9.377,2.063,1.129
BXD32,10.74,11.668,9.707,7.279,11.078,8.052,12.404,10.949,11.188,7.779,11.23,10.647,10.535,9.939333333333332,10.077,4.165,10.929,10.592,10.36,11.736,3.787,8.964,9.984,9.239,2.855,10.197,9.528,9.547,3.801,9.134,9.494,2.41,2.054
BXD34,10.718,9.822,9.684,7.664,10.755,7.736,12.714,11.263,11.08,7.689,11.581,10.736,11.204,8.496666666666666,10.167,3.95,10.798,11.398,10.326,11.349,3.304,9.091,9.962,8.87,3.015,9.318,7.523,8.616,3.542,9.159,9.221,2.909,1.98
BXD40,11.939,11.332,10.065,12.487,11.072,12.115,12.599,11.095,9.892,9.391,11.231,10.875,10.476,9.136333333333333,11.703,2.88,8.58,10.281,10.267,9.746,1.668,9.284,9.125,9.337,2.604,9.116,7.669,9.784,3.256,10.074,9.783,2.707,1.26
BXD42,10.545,9.894,9.395,7.288,10.85,7.761,12.642,11.403,11.08,7.015,11.586,10.813,11.163,9.901666666666666,11.595,3.979,10.706,10.927,10.297,11.415,2.224,9.461,10.106,8.936,3.22,8.962,7.422,9.713,4.05,9.146,9.183,2.687,1.993
BXD44,10.748,11.706,7.861,10.698,11.796,10.428,13.603,12.397,8.898,10.01,12.738,11.898,12.22,9.668000000000001,9.975,2.714,7.899,11.858,10.184,8.945,3.296,10.166,8.462,8.91,3.191,9.731,7.575,9.22,3.561,8.621,8.575,3.344,1.972
BXD45,10.33,9.772,8.047,7.73,11.826,8.061,12.893,11.586,8.863,9.81,11.84,11.144,10.876,8.980666666666666,11.564,2.266,7.778,10.249,10.242,8.64,1.758,9.542,9.746,9.133,2.499,9.579,9.599,9.99,3.339,9.346,9.783,4.266,0.385
BXD48,11.918,11.627,8.009,11.826,11.119,11.432,12.678,11.242,8.548,7.988,11.496,10.949,10.837,9.934333333333333,9.961,4.153,7.711,10.774,9.414,8.467,4.026,9.664,9.209,9.788,3.835,9.65,7.519,10.042,2.881,8.935,9.133,3.142,2.69
BXD50,10.788,11.591,8.229,12.512,11.77,12.018,13.814,12.492,8.902,9.66,12.899,12.105,12.348,10.144,10.358,,7.731,12.145,9.37,8.922,,10.408,8.596,10.244,,10.518,7.756,10.353,,10.019,10.02,,
BXD56,10.794,11.687,8.002,8.306,11.999,7.905,12.63,11.198,8.91,7.578,11.432,10.791,11.067,9.869333333333334,11.633,,7.556,10.726,9.359,8.927,,9.032,9.802,9.283,,8.852,7.469,9.988,,9.428,9.497,,
BXD60,10.75,9.933,7.877,7.215,11.78,7.352,13.553,12.298,9.053,7.445,12.572,11.724,12.366,9.681,10.223,2.59,8.134,12.136,10.249,8.927,3.766,10.048,9.304,8.869,2.767,9.165,7.498,9.847,4.084,8.604,8.132,2.383,2.784
BXD62,11.797,9.641,10.077,12.448,11.896,11.973,13.66,12.115,11.206,10.079,12.365,11.576,12.043,9.997333333333334,11.375,2.871,10.689,11.799,9.45,11.573,3.995,9.792,9.482,9.437,2.505,8.858,7.499,8.893,3.573,9.511,9.274,2.867,2.469
BXD63,11.939,11.296,9.668,12.324,10.75,11.879,13.711,12.445,11.025,9.838,12.815,12.04,12.241,8.994,11.577,,10.703,12.208,9.56,11.599,,10.4,9.319,10.402,,9.202,10.171,9.124,,9.342,9.537,,
BXD65,11.762,9.884,8.043,12.126,11.802,11.636,12.712,11.341,8.781,10.209,11.658,10.869,11.047,8.836666666666666,11.523,,7.857,10.875,9.519,8.709,,9.302,8.808,10.084,,9.333,7.548,9.607,,9.867,9.339,,
BXD68,10.732,9.866,7.778,7.635,11.744,7.998,13.588,12.36,8.769,7.108,12.751,11.741,12.665,8.776666666666666,11.75,,7.743,12.255,9.283,9.059,,10.222,9.333,9.771,,9.003,10.074,9.632,,9.244,9.431,,
BXD69,10.759,9.764,9.465,10.249,11.751,10.001,12.712,11.316,10.933,10.138,11.611,10.919,10.981,8.286333333333333,10.285,2.537,10.298,10.826,10.279,11.195,4.005,9.36,9.901,9.09,2.604,8.984,8.774,10.141,2.921,8.366,8.422,2.872,1.684
BXD70,11.416,9.406,7.88,12.447,11.716,12.02,13.487,12.08,8.597,9.468,12.453,11.512,11.886,9.218333333333334,11.75,,7.436,11.667,10.016,8.896,,9.951,9.555,10.213,,9.366,7.614,9.687,,10.0,10.17,,
BXD71,10.664,9.524,9.879,8.008,11.76,8.439,12.825,11.407,11.189,9.448,11.524,10.863,10.96,8.818333333333333,9.493,,10.641,10.424,10.463,11.662,,9.36,9.926,9.117,,10.452,7.536,9.322,,9.665,9.841,,
BXD73,10.682,11.63,9.775,6.727,11.818,7.644,12.695,11.301,10.643,8.316,11.445,10.729,11.045,8.690666666666667,11.706,3.945,10.008,10.762,10.259,10.815,2.677,9.33,9.956,9.12,3.205,8.996,7.636,8.796,2.362,8.93,9.249,1.598,0.98
BXD75,11.837,9.304,9.679,11.716,11.926,11.323,13.736,12.421,11.015,6.723,12.764,11.938,12.144,8.823666666666666,9.948,,10.532,11.666,9.427,11.45,,10.302,9.302,9.902,,10.327,7.688,9.894,,9.322,9.129,,
BXD79,11.819,11.574,7.732,11.751,10.897,11.385,13.492,12.007,8.78,7.209,12.281,11.459,12.144,9.932666666666668,11.695,,7.475,11.844,9.413,8.399,,9.91,9.001,9.403,,8.864,7.645,9.973,,9.631,9.566,,
BXD80,10.579,11.687,8.013,7.536,11.964,7.673,12.55,11.235,8.727,7.881,11.435,10.842,11.313,9.751333333333333,11.513,,7.814,11.196,10.169,9.002,,9.311,9.973,9.288,,8.447,7.783,8.282,,8.57,8.766,,
BXD83,11.81,9.08,9.394,12.523,12.031,12.023,13.554,11.905,10.627,9.725,12.172,11.532,11.806,10.200333333333333,11.408,,9.992,11.728,10.113,11.18,,9.298,9.605,9.343,,10.254,7.646,8.592,,9.91,9.995,,
BXD85,10.859,9.456,9.965,7.808,11.918,7.885,13.084,11.405,10.991,8.156,11.585,10.83,11.211,9.076666666666666,11.404,2.111,10.737,10.937,10.36,12.007,2.522,9.213,10.199,9.023,3.416,8.991,7.713,9.354,2.938,9.172,9.845,2.281,1.045
BXD87,11.72,11.876,9.421,11.563,10.738,11.106,13.6,12.483,11.105,7.888,12.818,11.874,12.46,10.102333333333334,11.648,,10.684,12.174,10.274,11.346,,10.439,8.879,9.236,,9.191,7.57,8.918,,9.011,9.222,,
BXD89,11.776,11.523,7.989,7.695,11.887,7.486,12.678,11.353,8.791,9.816,11.476,10.918,10.831,8.893333333333333,11.598,,7.261,10.193,10.213,8.731,,9.461,10.055,9.15,,9.18,7.551,9.326,,9.281,9.525,,
BXD90,10.922,11.547,8.02,8.268,11.856,7.992,12.553,11.197,8.901,7.236,11.293,10.799,10.651,8.89,11.484,,7.463,10.333,9.228,8.339,,9.116,8.793,10.081,,9.626,7.397,9.733,,10.026,9.542,,
BXD95,10.586,9.737,7.957,11.743,11.81,11.277,13.682,12.429,8.756,10.263,12.712,11.8,12.675,10.056333333333333,10.208,,7.865,12.379,9.575,8.843,,10.078,9.103,9.812,,10.536,7.575,9.252,,9.251,9.882,,
BXD97,11.974,9.038,8.073,12.342,11.731,12.014,12.828,11.302,8.764,10.045,11.443,10.921,10.842,9.16,11.692,,7.643,10.559,9.093,9.123,,9.089,9.596,10.191,,9.326,7.691,9.991,,10.117,10.027,,
BXD99,10.624,11.658,8.084,12.314,11.477,11.928,13.835,12.488,8.8,9.909,12.816,12.03,12.307,9.854999999999999,10.201,,8.046,12.217,10.224,8.929,,10.111,10.062,9.365,,10.686,7.221,9.841,,10.271,9.943,,
